week_index,reading_date,node_id,node_name,domain,zone,metric_value,unit,capacity_utilization_pct,agency_owner
1,2025-03-01,NODE_WAT_01,Table Rock & North Saluda Reservoirs,WATER,TABLE_ROCK_WATERSHED,57.11,MGD Safe Yield,42.3,Greenville Water
1,2025-03-01,NODE_ROA_01,I-85 / I-385 Gateway Interchange,ROADS,DOWNTOWN_GREENVILLE,137736.0,Vehicles/Day (AADT),95.0,SCDOT District 3
1,2025-03-01,NODE_ROA_02,Woodruff Road (SC-146) Commercial Arterial,ROADS,WOODRUFF_ROAD_COMMERCIAL,46821.0,Vehicles/Day (AADT),111.0,SCDOT / Greenville County
1,2025-03-01,NODE_RAI_01,Inland Port Greer (Intermodal Rail Hub),RAILWAYS,GREER_INLAND_PORT,3217.0,Container Lifts/Yr,95.6,SC Ports Authority / Norfolk Southern
1,2025-03-01,NODE_AIR_01,GSP International Airport & Cargo Apron,AIRPORT,GSP_AEROSPACE_CORRIDOR,2370.0,Cargo Tons/Yr,102.7,GSP Airport Authority
1,2025-03-01,NODE_ELE_01,Duke Energy Mauldin/Pelham Substation Hub,ELECTRICITY,MAULDIN_URBAN_CORE,274.2,Megawatts (MW Peak),60.9,Duke Energy Carolinas
1,2025-03-01,NODE_LND_01,South County Greenfield Expansion Corridor (Simpsonville/Fountain Inn),LAND_GROWTH,SIMPSONVILLE_SPRAWL,86.0,Residential Parcels/Qtr,93.2,Greenville County Planning & GIS
1,2025-03-01,NODE_TRA_01,Prisma Health Swamp Rabbit Trail Network,TRANSIT_TRAILS,SWAMP_RABBIT_CORRIDOR,11667.0,Annual Trail Trips,80.9,City of Greenville Parks & Rec
2,2025-03-08,NODE_WAT_01,Table Rock & North Saluda Reservoirs,WATER,TABLE_ROCK_WATERSHED,56.76,MGD Safe Yield,42.0,Greenville Water
2,2025-03-08,NODE_ROA_01,I-85 / I-385 Gateway Interchange,ROADS,DOWNTOWN_GREENVILLE,137933.0,Vehicles/Day (AADT),95.0,SCDOT District 3
2,2025-03-08,NODE_ROA_02,Woodruff Road (SC-146) Commercial Arterial,ROADS,WOODRUFF_ROAD_COMMERCIAL,45502.0,Vehicles/Day (AADT),108.0,SCDOT / Greenville County
2,2025-03-08,NODE_RAI_01,Inland Port Greer (Intermodal Rail Hub),RAILWAYS,GREER_INLAND_PORT,3514.0,Container Lifts/Yr,104.4,SC Ports Authority / Norfolk Southern
2,2025-03-08,NODE_AIR_01,GSP International Airport & Cargo Apron,AIRPORT,GSP_AEROSPACE_CORRIDOR,2399.7,Cargo Tons/Yr,104.0,GSP Airport Authority
2,2025-03-08,NODE_ELE_01,Duke Energy Mauldin/Pelham Substation Hub,ELECTRICITY,MAULDIN_URBAN_CORE,258.8,Megawatts (MW Peak),57.5,Duke Energy Carolinas
2,2025-03-08,NODE_LND_01,South County Greenfield Expansion Corridor (Simpsonville/Fountain Inn),LAND_GROWTH,SIMPSONVILLE_SPRAWL,85.0,Residential Parcels/Qtr,92.1,Greenville County Planning & GIS
2,2025-03-08,NODE_TRA_01,Prisma Health Swamp Rabbit Trail Network,TRANSIT_TRAILS,SWAMP_RABBIT_CORRIDOR,12435.0,Annual Trail Trips,86.2,City of Greenville Parks & Rec
3,2025-03-15,NODE_WAT_01,Table Rock & North Saluda Reservoirs,WATER,TABLE_ROCK_WATERSHED,55.8,MGD Safe Yield,41.3,Greenville Water
3,2025-03-15,NODE_ROA_01,I-85 / I-385 Gateway Interchange,ROADS,DOWNTOWN_GREENVILLE,136495.0,Vehicles/Day (AADT),94.0,SCDOT District 3
3,2025-03-15,NODE_ROA_02,Woodruff Road (SC-146) Commercial Arterial,ROADS,WOODRUFF_ROAD_COMMERCIAL,45204.0,Vehicles/Day (AADT),108.0,SCDOT / Greenville County
3,2025-03-15,NODE_RAI_01,Inland Port Greer (Intermodal Rail Hub),RAILWAYS,GREER_INLAND_PORT,3588.0,Container Lifts/Yr,106.6,SC Ports Authority / Norfolk Southern
3,2025-03-15,NODE_AIR_01,GSP International Airport & Cargo Apron,AIRPORT,GSP_AEROSPACE_CORRIDOR,2265.9,Cargo Tons/Yr,98.2,GSP Airport Authority
3,2025-03-15,NODE_ELE_01,Duke Energy Mauldin/Pelham Substation Hub,ELECTRICITY,MAULDIN_URBAN_CORE,260.4,Megawatts (MW Peak),57.9,Duke Energy Carolinas
3,2025-03-15,NODE_LND_01,South County Greenfield Expansion Corridor (Simpsonville/Fountain Inn),LAND_GROWTH,SIMPSONVILLE_SPRAWL,103.0,Residential Parcels/Qtr,111.6,Greenville County Planning & GIS
3,2025-03-15,NODE_TRA_01,Prisma Health Swamp Rabbit Trail Network,TRANSIT_TRAILS,SWAMP_RABBIT_CORRIDOR,12683.0,Annual Trail Trips,87.9,City of Greenville Parks & Rec
4,2025-03-22,NODE_WAT_01,Table Rock & North Saluda Reservoirs,WATER,TABLE_ROCK_WATERSHED,57.37,MGD Safe Yield,42.5,Greenville Water
4,2025-03-22,NODE_ROA_01,I-85 / I-385 Gateway Interchange,ROADS,DOWNTOWN_GREENVILLE,138684.0,Vehicles/Day (AADT),96.0,SCDOT District 3
4,2025-03-22,NODE_ROA_02,Woodruff Road (SC-146) Commercial Arterial,ROADS,WOODRUFF_ROAD_COMMERCIAL,45322.0,Vehicles/Day (AADT),108.0,SCDOT / Greenville County
4,2025-03-22,NODE_RAI_01,Inland Port Greer (Intermodal Rail Hub),RAILWAYS,GREER_INLAND_PORT,3415.0,Container Lifts/Yr,101.5,SC Ports Authority / Norfolk Southern
4,2025-03-22,NODE_AIR_01,GSP International Airport & Cargo Apron,AIRPORT,GSP_AEROSPACE_CORRIDOR,2290.7,Cargo Tons/Yr,99.3,GSP Airport Authority
4,2025-03-22,NODE_ELE_01,Duke Energy Mauldin/Pelham Substation Hub,ELECTRICITY,MAULDIN_URBAN_CORE,282.1,Megawatts (MW Peak),62.7,Duke Energy Carolinas
4,2025-03-22,NODE_LND_01,South County Greenfield Expansion Corridor (Simpsonville/Fountain Inn),LAND_GROWTH,SIMPSONVILLE_SPRAWL,91.0,Residential Parcels/Qtr,98.6,Greenville County Planning & GIS
4,2025-03-22,NODE_TRA_01,Prisma Health Swamp Rabbit Trail Network,TRANSIT_TRAILS,SWAMP_RABBIT_CORRIDOR,12414.0,Annual Trail Trips,86.1,City of Greenville Parks & Rec
5,2025-03-29,NODE_WAT_01,Table Rock & North Saluda Reservoirs,WATER,TABLE_ROCK_WATERSHED,51.26,MGD Safe Yield,38.0,Greenville Water
5,2025-03-29,NODE_ROA_01,I-85 / I-385 Gateway Interchange,ROADS,DOWNTOWN_GREENVILLE,137574.0,Vehicles/Day (AADT),95.0,SCDOT District 3
5,2025-03-29,NODE_ROA_02,Woodruff Road (SC-146) Commercial Arterial,ROADS,WOODRUFF_ROAD_COMMERCIAL,46702.0,Vehicles/Day (AADT),111.0,SCDOT / Greenville County
5,2025-03-29,NODE_RAI_01,Inland Port Greer (Intermodal Rail Hub),RAILWAYS,GREER_INLAND_PORT,3578.0,Container Lifts/Yr,106.3,SC Ports Authority / Norfolk Southern
5,2025-03-29,NODE_AIR_01,GSP International Airport & Cargo Apron,AIRPORT,GSP_AEROSPACE_CORRIDOR,2420.7,Cargo Tons/Yr,104.9,GSP Airport Authority
5,2025-03-29,NODE_ELE_01,Duke Energy Mauldin/Pelham Substation Hub,ELECTRICITY,MAULDIN_URBAN_CORE,261.9,Megawatts (MW Peak),58.2,Duke Energy Carolinas
5,2025-03-29,NODE_LND_01,South County Greenfield Expansion Corridor (Simpsonville/Fountain Inn),LAND_GROWTH,SIMPSONVILLE_SPRAWL,110.0,Residential Parcels/Qtr,119.2,Greenville County Planning & GIS
5,2025-03-29,NODE_TRA_01,Prisma Health Swamp Rabbit Trail Network,TRANSIT_TRAILS,SWAMP_RABBIT_CORRIDOR,11797.0,Annual Trail Trips,81.8,City of Greenville Parks & Rec
6,2025-04-05,NODE_WAT_01,Table Rock & North Saluda Reservoirs,WATER,TABLE_ROCK_WATERSHED,58.93,MGD Safe Yield,43.7,Greenville Water
6,2025-04-05,NODE_ROA_01,I-85 / I-385 Gateway Interchange,ROADS,DOWNTOWN_GREENVILLE,139866.0,Vehicles/Day (AADT),96.0,SCDOT District 3
6,2025-04-05,NODE_ROA_02,Woodruff Road (SC-146) Commercial Arterial,ROADS,WOODRUFF_ROAD_COMMERCIAL,45175.0,Vehicles/Day (AADT),108.0,SCDOT / Greenville County
6,2025-04-05,NODE_RAI_01,Inland Port Greer (Intermodal Rail Hub),RAILWAYS,GREER_INLAND_PORT,3495.0,Container Lifts/Yr,103.9,SC Ports Authority / Norfolk Southern
6,2025-04-05,NODE_AIR_01,GSP International Airport & Cargo Apron,AIRPORT,GSP_AEROSPACE_CORRIDOR,2433.0,Cargo Tons/Yr,105.4,GSP Airport Authority
6,2025-04-05,NODE_ELE_01,Duke Energy Mauldin/Pelham Substation Hub,ELECTRICITY,MAULDIN_URBAN_CORE,291.3,Megawatts (MW Peak),64.7,Duke Energy Carolinas
6,2025-04-05,NODE_LND_01,South County Greenfield Expansion Corridor (Simpsonville/Fountain Inn),LAND_GROWTH,SIMPSONVILLE_SPRAWL,79.0,Residential Parcels/Qtr,85.6,Greenville County Planning & GIS
6,2025-04-05,NODE_TRA_01,Prisma Health Swamp Rabbit Trail Network,TRANSIT_TRAILS,SWAMP_RABBIT_CORRIDOR,12456.0,Annual Trail Trips,86.4,City of Greenville Parks & Rec
7,2025-04-12,NODE_WAT_01,Table Rock & North Saluda Reservoirs,WATER,TABLE_ROCK_WATERSHED,56.0,MGD Safe Yield,41.5,Greenville Water
7,2025-04-12,NODE_ROA_01,I-85 / I-385 Gateway Interchange,ROADS,DOWNTOWN_GREENVILLE,140665.0,Vehicles/Day (AADT),97.0,SCDOT District 3
7,2025-04-12,NODE_ROA_02,Woodruff Road (SC-146) Commercial Arterial,ROADS,WOODRUFF_ROAD_COMMERCIAL,47740.0,Vehicles/Day (AADT),114.0,SCDOT / Greenville County
7,2025-04-12,NODE_RAI_01,Inland Port Greer (Intermodal Rail Hub),RAILWAYS,GREER_INLAND_PORT,3543.0,Container Lifts/Yr,105.3,SC Ports Authority / Norfolk Southern
7,2025-04-12,NODE_AIR_01,GSP International Airport & Cargo Apron,AIRPORT,GSP_AEROSPACE_CORRIDOR,2447.2,Cargo Tons/Yr,106.0,GSP Airport Authority
7,2025-04-12,NODE_ELE_01,Duke Energy Mauldin/Pelham Substation Hub,ELECTRICITY,MAULDIN_URBAN_CORE,272.2,Megawatts (MW Peak),60.5,Duke Energy Carolinas
7,2025-04-12,NODE_LND_01,South County Greenfield Expansion Corridor (Simpsonville/Fountain Inn),LAND_GROWTH,SIMPSONVILLE_SPRAWL,86.0,Residential Parcels/Qtr,93.2,Greenville County Planning & GIS
7,2025-04-12,NODE_TRA_01,Prisma Health Swamp Rabbit Trail Network,TRANSIT_TRAILS,SWAMP_RABBIT_CORRIDOR,12000.0,Annual Trail Trips,83.2,City of Greenville Parks & Rec
8,2025-04-19,NODE_WAT_01,Table Rock & North Saluda Reservoirs,WATER,TABLE_ROCK_WATERSHED,54.28,MGD Safe Yield,40.2,Greenville Water
8,2025-04-19,NODE_ROA_01,I-85 / I-385 Gateway Interchange,ROADS,DOWNTOWN_GREENVILLE,140243.0,Vehicles/Day (AADT),97.0,SCDOT District 3
8,2025-04-19,NODE_ROA_02,Woodruff Road (SC-146) Commercial Arterial,ROADS,WOODRUFF_ROAD_COMMERCIAL,46673.0,Vehicles/Day (AADT),111.0,SCDOT / Greenville County
8,2025-04-19,NODE_RAI_01,Inland Port Greer (Intermodal Rail Hub),RAILWAYS,GREER_INLAND_PORT,3461.0,Container Lifts/Yr,102.8,SC Ports Authority / Norfolk Southern
8,2025-04-19,NODE_AIR_01,GSP International Airport & Cargo Apron,AIRPORT,GSP_AEROSPACE_CORRIDOR,2450.0,Cargo Tons/Yr,106.2,GSP Airport Authority
8,2025-04-19,NODE_ELE_01,Duke Energy Mauldin/Pelham Substation Hub,ELECTRICITY,MAULDIN_URBAN_CORE,293.4,Megawatts (MW Peak),65.2,Duke Energy Carolinas
8,2025-04-19,NODE_LND_01,South County Greenfield Expansion Corridor (Simpsonville/Fountain Inn),LAND_GROWTH,SIMPSONVILLE_SPRAWL,110.0,Residential Parcels/Qtr,119.2,Greenville County Planning & GIS
8,2025-04-19,NODE_TRA_01,Prisma Health Swamp Rabbit Trail Network,TRANSIT_TRAILS,SWAMP_RABBIT_CORRIDOR,13191.0,Annual Trail Trips,91.5,City of Greenville Parks & Rec
9,2025-04-26,NODE_WAT_01,Table Rock & North Saluda Reservoirs,WATER,TABLE_ROCK_WATERSHED,57.16,MGD Safe Yield,42.3,Greenville Water
9,2025-04-26,NODE_ROA_01,I-85 / I-385 Gateway Interchange,ROADS,DOWNTOWN_GREENVILLE,139446.0,Vehicles/Day (AADT),96.0,SCDOT District 3
9,2025-04-26,NODE_ROA_02,Woodruff Road (SC-146) Commercial Arterial,ROADS,WOODRUFF_ROAD_COMMERCIAL,46316.0,Vehicles/Day (AADT),110.0,SCDOT / Greenville County
9,2025-04-26,NODE_RAI_01,Inland Port Greer (Intermodal Rail Hub),RAILWAYS,GREER_INLAND_PORT,3467.0,Container Lifts/Yr,103.0,SC Ports Authority / Norfolk Southern
9,2025-04-26,NODE_AIR_01,GSP International Airport & Cargo Apron,AIRPORT,GSP_AEROSPACE_CORRIDOR,2440.7,Cargo Tons/Yr,105.8,GSP Airport Authority
9,2025-04-26,NODE_ELE_01,Duke Energy Mauldin/Pelham Substation Hub,ELECTRICITY,MAULDIN_URBAN_CORE,301.7,Megawatts (MW Peak),67.0,Duke Energy Carolinas
9,2025-04-26,NODE_LND_01,South County Greenfield Expansion Corridor (Simpsonville/Fountain Inn),LAND_GROWTH,SIMPSONVILLE_SPRAWL,97.0,Residential Parcels/Qtr,105.1,Greenville County Planning & GIS
9,2025-04-26,NODE_TRA_01,Prisma Health Swamp Rabbit Trail Network,TRANSIT_TRAILS,SWAMP_RABBIT_CORRIDOR,12845.0,Annual Trail Trips,89.1,City of Greenville Parks & Rec
10,2025-05-03,NODE_WAT_01,Table Rock & North Saluda Reservoirs,WATER,TABLE_ROCK_WATERSHED,61.52,MGD Safe Yield,45.6,Greenville Water
10,2025-05-03,NODE_ROA_01,I-85 / I-385 Gateway Interchange,ROADS,DOWNTOWN_GREENVILLE,139771.0,Vehicles/Day (AADT),96.0,SCDOT District 3
10,2025-05-03,NODE_ROA_02,Woodruff Road (SC-146) Commercial Arterial,ROADS,WOODRUFF_ROAD_COMMERCIAL,47601.0,Vehicles/Day (AADT),113.0,SCDOT / Greenville County
10,2025-05-03,NODE_RAI_01,Inland Port Greer (Intermodal Rail Hub),RAILWAYS,GREER_INLAND_PORT,3355.0,Container Lifts/Yr,99.7,SC Ports Authority / Norfolk Southern
10,2025-05-03,NODE_AIR_01,GSP International Airport & Cargo Apron,AIRPORT,GSP_AEROSPACE_CORRIDOR,2349.8,Cargo Tons/Yr,101.8,GSP Airport Authority
10,2025-05-03,NODE_ELE_01,Duke Energy Mauldin/Pelham Substation Hub,ELECTRICITY,MAULDIN_URBAN_CORE,297.0,Megawatts (MW Peak),66.0,Duke Energy Carolinas
10,2025-05-03,NODE_LND_01,South County Greenfield Expansion Corridor (Simpsonville/Fountain Inn),LAND_GROWTH,SIMPSONVILLE_SPRAWL,82.0,Residential Parcels/Qtr,88.8,Greenville County Planning & GIS
10,2025-05-03,NODE_TRA_01,Prisma Health Swamp Rabbit Trail Network,TRANSIT_TRAILS,SWAMP_RABBIT_CORRIDOR,13090.0,Annual Trail Trips,90.8,City of Greenville Parks & Rec
11,2025-05-10,NODE_WAT_01,Table Rock & North Saluda Reservoirs,WATER,TABLE_ROCK_WATERSHED,61.66,MGD Safe Yield,45.7,Greenville Water
11,2025-05-10,NODE_ROA_01,I-85 / I-385 Gateway Interchange,ROADS,DOWNTOWN_GREENVILLE,142483.0,Vehicles/Day (AADT),98.0,SCDOT District 3
11,2025-05-10,NODE_ROA_02,Woodruff Road (SC-146) Commercial Arterial,ROADS,WOODRUFF_ROAD_COMMERCIAL,47426.0,Vehicles/Day (AADT),113.0,SCDOT / Greenville County
11,2025-05-10,NODE_RAI_01,Inland Port Greer (Intermodal Rail Hub),RAILWAYS,GREER_INLAND_PORT,3689.0,Container Lifts/Yr,109.6,SC Ports Authority / Norfolk Southern
11,2025-05-10,NODE_AIR_01,GSP International Airport & Cargo Apron,AIRPORT,GSP_AEROSPACE_CORRIDOR,2377.0,Cargo Tons/Yr,103.0,GSP Airport Authority
11,2025-05-10,NODE_ELE_01,Duke Energy Mauldin/Pelham Substation Hub,ELECTRICITY,MAULDIN_URBAN_CORE,307.6,Megawatts (MW Peak),68.4,Duke Energy Carolinas
11,2025-05-10,NODE_LND_01,South County Greenfield Expansion Corridor (Simpsonville/Fountain Inn),LAND_GROWTH,SIMPSONVILLE_SPRAWL,95.0,Residential Parcels/Qtr,102.9,Greenville County Planning & GIS
11,2025-05-10,NODE_TRA_01,Prisma Health Swamp Rabbit Trail Network,TRANSIT_TRAILS,SWAMP_RABBIT_CORRIDOR,13763.0,Annual Trail Trips,95.4,City of Greenville Parks & Rec
12,2025-05-17,NODE_WAT_01,Table Rock & North Saluda Reservoirs,WATER,TABLE_ROCK_WATERSHED,64.69,MGD Safe Yield,47.9,Greenville Water
12,2025-05-17,NODE_ROA_01,I-85 / I-385 Gateway Interchange,ROADS,DOWNTOWN_GREENVILLE,142351.0,Vehicles/Day (AADT),98.0,SCDOT District 3
12,2025-05-17,NODE_ROA_02,Woodruff Road (SC-146) Commercial Arterial,ROADS,WOODRUFF_ROAD_COMMERCIAL,47976.0,Vehicles/Day (AADT),114.0,SCDOT / Greenville County
12,2025-05-17,NODE_RAI_01,Inland Port Greer (Intermodal Rail Hub),RAILWAYS,GREER_INLAND_PORT,3456.0,Container Lifts/Yr,102.7,SC Ports Authority / Norfolk Southern
12,2025-05-17,NODE_AIR_01,GSP International Airport & Cargo Apron,AIRPORT,GSP_AEROSPACE_CORRIDOR,2361.8,Cargo Tons/Yr,102.3,GSP Airport Authority
12,2025-05-17,NODE_ELE_01,Duke Energy Mauldin/Pelham Substation Hub,ELECTRICITY,MAULDIN_URBAN_CORE,321.7,Megawatts (MW Peak),71.5,Duke Energy Carolinas
12,2025-05-17,NODE_LND_01,South County Greenfield Expansion Corridor (Simpsonville/Fountain Inn),LAND_GROWTH,SIMPSONVILLE_SPRAWL,120.0,Residential Parcels/Qtr,130.0,Greenville County Planning & GIS
12,2025-05-17,NODE_TRA_01,Prisma Health Swamp Rabbit Trail Network,TRANSIT_TRAILS,SWAMP_RABBIT_CORRIDOR,13887.0,Annual Trail Trips,96.3,City of Greenville Parks & Rec
13,2025-05-24,NODE_WAT_01,Table Rock & North Saluda Reservoirs,WATER,TABLE_ROCK_WATERSHED,60.21,MGD Safe Yield,44.6,Greenville Water
13,2025-05-24,NODE_ROA_01,I-85 / I-385 Gateway Interchange,ROADS,DOWNTOWN_GREENVILLE,143571.0,Vehicles/Day (AADT),99.0,SCDOT District 3
13,2025-05-24,NODE_ROA_02,Woodruff Road (SC-146) Commercial Arterial,ROADS,WOODRUFF_ROAD_COMMERCIAL,47761.0,Vehicles/Day (AADT),114.0,SCDOT / Greenville County
13,2025-05-24,NODE_RAI_01,Inland Port Greer (Intermodal Rail Hub),RAILWAYS,GREER_INLAND_PORT,3428.0,Container Lifts/Yr,101.9,SC Ports Authority / Norfolk Southern
13,2025-05-24,NODE_AIR_01,GSP International Airport & Cargo Apron,AIRPORT,GSP_AEROSPACE_CORRIDOR,2510.4,Cargo Tons/Yr,108.8,GSP Airport Authority
13,2025-05-24,NODE_ELE_01,Duke Energy Mauldin/Pelham Substation Hub,ELECTRICITY,MAULDIN_URBAN_CORE,343.1,Megawatts (MW Peak),76.2,Duke Energy Carolinas
13,2025-05-24,NODE_LND_01,South County Greenfield Expansion Corridor (Simpsonville/Fountain Inn),LAND_GROWTH,SIMPSONVILLE_SPRAWL,90.0,Residential Parcels/Qtr,97.5,Greenville County Planning & GIS
13,2025-05-24,NODE_TRA_01,Prisma Health Swamp Rabbit Trail Network,TRANSIT_TRAILS,SWAMP_RABBIT_CORRIDOR,14709.0,Annual Trail Trips,102.0,City of Greenville Parks & Rec
14,2025-05-31,NODE_WAT_01,Table Rock & North Saluda Reservoirs,WATER,TABLE_ROCK_WATERSHED,62.15,MGD Safe Yield,46.0,Greenville Water
14,2025-05-31,NODE_ROA_01,I-85 / I-385 Gateway Interchange,ROADS,DOWNTOWN_GREENVILLE,142854.0,Vehicles/Day (AADT),99.0,SCDOT District 3
14,2025-05-31,NODE_ROA_02,Woodruff Road (SC-146) Commercial Arterial,ROADS,WOODRUFF_ROAD_COMMERCIAL,47272.0,Vehicles/Day (AADT),113.0,SCDOT / Greenville County
14,2025-05-31,NODE_RAI_01,Inland Port Greer (Intermodal Rail Hub),RAILWAYS,GREER_INLAND_PORT,3431.0,Container Lifts/Yr,101.9,SC Ports Authority / Norfolk Southern
14,2025-05-31,NODE_AIR_01,GSP International Airport & Cargo Apron,AIRPORT,GSP_AEROSPACE_CORRIDOR,2428.7,Cargo Tons/Yr,105.2,GSP Airport Authority
14,2025-05-31,NODE_ELE_01,Duke Energy Mauldin/Pelham Substation Hub,ELECTRICITY,MAULDIN_URBAN_CORE,351.5,Megawatts (MW Peak),78.1,Duke Energy Carolinas
14,2025-05-31,NODE_LND_01,South County Greenfield Expansion Corridor (Simpsonville/Fountain Inn),LAND_GROWTH,SIMPSONVILLE_SPRAWL,96.0,Residential Parcels/Qtr,104.0,Greenville County Planning & GIS
14,2025-05-31,NODE_TRA_01,Prisma Health Swamp Rabbit Trail Network,TRANSIT_TRAILS,SWAMP_RABBIT_CORRIDOR,14859.0,Annual Trail Trips,103.0,City of Greenville Parks & Rec
15,2025-06-07,NODE_WAT_01,Table Rock & North Saluda Reservoirs,WATER,TABLE_ROCK_WATERSHED,69.21,MGD Safe Yield,51.3,Greenville Water
15,2025-06-07,NODE_ROA_01,I-85 / I-385 Gateway Interchange,ROADS,DOWNTOWN_GREENVILLE,143735.0,Vehicles/Day (AADT),99.0,SCDOT District 3
15,2025-06-07,NODE_ROA_02,Woodruff Road (SC-146) Commercial Arterial,ROADS,WOODRUFF_ROAD_COMMERCIAL,48431.0,Vehicles/Day (AADT),115.0,SCDOT / Greenville County
15,2025-06-07,NODE_RAI_01,Inland Port Greer (Intermodal Rail Hub),RAILWAYS,GREER_INLAND_PORT,3382.0,Container Lifts/Yr,100.5,SC Ports Authority / Norfolk Southern
15,2025-06-07,NODE_AIR_01,GSP International Airport & Cargo Apron,AIRPORT,GSP_AEROSPACE_CORRIDOR,2425.0,Cargo Tons/Yr,105.1,GSP Airport Authority
15,2025-06-07,NODE_ELE_01,Duke Energy Mauldin/Pelham Substation Hub,ELECTRICITY,MAULDIN_URBAN_CORE,353.9,Megawatts (MW Peak),78.6,Duke Energy Carolinas
15,2025-06-07,NODE_LND_01,South County Greenfield Expansion Corridor (Simpsonville/Fountain Inn),LAND_GROWTH,SIMPSONVILLE_SPRAWL,92.0,Residential Parcels/Qtr,99.7,Greenville County Planning & GIS
15,2025-06-07,NODE_TRA_01,Prisma Health Swamp Rabbit Trail Network,TRANSIT_TRAILS,SWAMP_RABBIT_CORRIDOR,15034.0,Annual Trail Trips,104.2,City of Greenville Parks & Rec
16,2025-06-14,NODE_WAT_01,Table Rock & North Saluda Reservoirs,WATER,TABLE_ROCK_WATERSHED,70.11,MGD Safe Yield,51.9,Greenville Water
16,2025-06-14,NODE_ROA_01,I-85 / I-385 Gateway Interchange,ROADS,DOWNTOWN_GREENVILLE,142831.0,Vehicles/Day (AADT),99.0,SCDOT District 3
16,2025-06-14,NODE_ROA_02,Woodruff Road (SC-146) Commercial Arterial,ROADS,WOODRUFF_ROAD_COMMERCIAL,48752.0,Vehicles/Day (AADT),116.0,SCDOT / Greenville County
16,2025-06-14,NODE_RAI_01,Inland Port Greer (Intermodal Rail Hub),RAILWAYS,GREER_INLAND_PORT,3615.0,Container Lifts/Yr,107.4,SC Ports Authority / Norfolk Southern
16,2025-06-14,NODE_AIR_01,GSP International Airport & Cargo Apron,AIRPORT,GSP_AEROSPACE_CORRIDOR,2416.4,Cargo Tons/Yr,104.7,GSP Airport Authority
16,2025-06-14,NODE_ELE_01,Duke Energy Mauldin/Pelham Substation Hub,ELECTRICITY,MAULDIN_URBAN_CORE,340.4,Megawatts (MW Peak),75.6,Duke Energy Carolinas
16,2025-06-14,NODE_LND_01,South County Greenfield Expansion Corridor (Simpsonville/Fountain Inn),LAND_GROWTH,SIMPSONVILLE_SPRAWL,88.0,Residential Parcels/Qtr,95.3,Greenville County Planning & GIS
16,2025-06-14,NODE_TRA_01,Prisma Health Swamp Rabbit Trail Network,TRANSIT_TRAILS,SWAMP_RABBIT_CORRIDOR,15633.0,Annual Trail Trips,108.4,City of Greenville Parks & Rec
17,2025-06-21,NODE_WAT_01,Table Rock & North Saluda Reservoirs,WATER,TABLE_ROCK_WATERSHED,70.7,MGD Safe Yield,52.4,Greenville Water
17,2025-06-21,NODE_ROA_01,I-85 / I-385 Gateway Interchange,ROADS,DOWNTOWN_GREENVILLE,145095.0,Vehicles/Day (AADT),100.0,SCDOT District 3
17,2025-06-21,NODE_ROA_02,Woodruff Road (SC-146) Commercial Arterial,ROADS,WOODRUFF_ROAD_COMMERCIAL,49112.0,Vehicles/Day (AADT),117.0,SCDOT / Greenville County
17,2025-06-21,NODE_RAI_01,Inland Port Greer (Intermodal Rail Hub),RAILWAYS,GREER_INLAND_PORT,3505.0,Container Lifts/Yr,104.1,SC Ports Authority / Norfolk Southern
17,2025-06-21,NODE_AIR_01,GSP International Airport & Cargo Apron,AIRPORT,GSP_AEROSPACE_CORRIDOR,2480.8,Cargo Tons/Yr,107.5,GSP Airport Authority
17,2025-06-21,NODE_ELE_01,Duke Energy Mauldin/Pelham Substation Hub,ELECTRICITY,MAULDIN_URBAN_CORE,351.6,Megawatts (MW Peak),78.1,Duke Energy Carolinas
17,2025-06-21,NODE_LND_01,South County Greenfield Expansion Corridor (Simpsonville/Fountain Inn),LAND_GROWTH,SIMPSONVILLE_SPRAWL,101.0,Residential Parcels/Qtr,109.4,Greenville County Planning & GIS
17,2025-06-21,NODE_TRA_01,Prisma Health Swamp Rabbit Trail Network,TRANSIT_TRAILS,SWAMP_RABBIT_CORRIDOR,15890.0,Annual Trail Trips,110.2,City of Greenville Parks & Rec
18,2025-06-28,NODE_WAT_01,Table Rock & North Saluda Reservoirs,WATER,TABLE_ROCK_WATERSHED,72.77,MGD Safe Yield,53.9,Greenville Water
18,2025-06-28,NODE_ROA_01,I-85 / I-385 Gateway Interchange,ROADS,DOWNTOWN_GREENVILLE,145969.0,Vehicles/Day (AADT),101.0,SCDOT District 3
18,2025-06-28,NODE_ROA_02,Woodruff Road (SC-146) Commercial Arterial,ROADS,WOODRUFF_ROAD_COMMERCIAL,48917.0,Vehicles/Day (AADT),116.0,SCDOT / Greenville County
18,2025-06-28,NODE_RAI_01,Inland Port Greer (Intermodal Rail Hub),RAILWAYS,GREER_INLAND_PORT,3720.0,Container Lifts/Yr,110.5,SC Ports Authority / Norfolk Southern
18,2025-06-28,NODE_AIR_01,GSP International Airport & Cargo Apron,AIRPORT,GSP_AEROSPACE_CORRIDOR,2529.7,Cargo Tons/Yr,109.6,GSP Airport Authority
18,2025-06-28,NODE_ELE_01,Duke Energy Mauldin/Pelham Substation Hub,ELECTRICITY,MAULDIN_URBAN_CORE,364.2,Megawatts (MW Peak),80.9,Duke Energy Carolinas
18,2025-06-28,NODE_LND_01,South County Greenfield Expansion Corridor (Simpsonville/Fountain Inn),LAND_GROWTH,SIMPSONVILLE_SPRAWL,94.0,Residential Parcels/Qtr,101.8,Greenville County Planning & GIS
18,2025-06-28,NODE_TRA_01,Prisma Health Swamp Rabbit Trail Network,TRANSIT_TRAILS,SWAMP_RABBIT_CORRIDOR,15390.0,Annual Trail Trips,106.7,City of Greenville Parks & Rec
19,2025-07-05,NODE_WAT_01,Table Rock & North Saluda Reservoirs,WATER,TABLE_ROCK_WATERSHED,75.56,MGD Safe Yield,56.0,Greenville Water
19,2025-07-05,NODE_ROA_01,I-85 / I-385 Gateway Interchange,ROADS,DOWNTOWN_GREENVILLE,144850.0,Vehicles/Day (AADT),100.0,SCDOT District 3
19,2025-07-05,NODE_ROA_02,Woodruff Road (SC-146) Commercial Arterial,ROADS,WOODRUFF_ROAD_COMMERCIAL,47385.0,Vehicles/Day (AADT),113.0,SCDOT / Greenville County
19,2025-07-05,NODE_RAI_01,Inland Port Greer (Intermodal Rail Hub),RAILWAYS,GREER_INLAND_PORT,3457.0,Container Lifts/Yr,102.7,SC Ports Authority / Norfolk Southern
19,2025-07-05,NODE_AIR_01,GSP International Airport & Cargo Apron,AIRPORT,GSP_AEROSPACE_CORRIDOR,2446.1,Cargo Tons/Yr,106.0,GSP Airport Authority
19,2025-07-05,NODE_ELE_01,Duke Energy Mauldin/Pelham Substation Hub,ELECTRICITY,MAULDIN_URBAN_CORE,381.3,Megawatts (MW Peak),84.7,Duke Energy Carolinas
19,2025-07-05,NODE_LND_01,South County Greenfield Expansion Corridor (Simpsonville/Fountain Inn),LAND_GROWTH,SIMPSONVILLE_SPRAWL,104.0,Residential Parcels/Qtr,112.7,Greenville County Planning & GIS
19,2025-07-05,NODE_TRA_01,Prisma Health Swamp Rabbit Trail Network,TRANSIT_TRAILS,SWAMP_RABBIT_CORRIDOR,16152.0,Annual Trail Trips,112.0,City of Greenville Parks & Rec
20,2025-07-12,NODE_WAT_01,Table Rock & North Saluda Reservoirs,WATER,TABLE_ROCK_WATERSHED,74.53,MGD Safe Yield,55.2,Greenville Water
20,2025-07-12,NODE_ROA_01,I-85 / I-385 Gateway Interchange,ROADS,DOWNTOWN_GREENVILLE,147022.0,Vehicles/Day (AADT),101.0,SCDOT District 3
20,2025-07-12,NODE_ROA_02,Woodruff Road (SC-146) Commercial Arterial,ROADS,WOODRUFF_ROAD_COMMERCIAL,47711.0,Vehicles/Day (AADT),114.0,SCDOT / Greenville County
20,2025-07-12,NODE_RAI_01,Inland Port Greer (Intermodal Rail Hub),RAILWAYS,GREER_INLAND_PORT,3444.0,Container Lifts/Yr,102.3,SC Ports Authority / Norfolk Southern
20,2025-07-12,NODE_AIR_01,GSP International Airport & Cargo Apron,AIRPORT,GSP_AEROSPACE_CORRIDOR,2514.4,Cargo Tons/Yr,109.0,GSP Airport Authority
20,2025-07-12,NODE_ELE_01,Duke Energy Mauldin/Pelham Substation Hub,ELECTRICITY,MAULDIN_URBAN_CORE,400.4,Megawatts (MW Peak),89.0,Duke Energy Carolinas
20,2025-07-12,NODE_LND_01,South County Greenfield Expansion Corridor (Simpsonville/Fountain Inn),LAND_GROWTH,SIMPSONVILLE_SPRAWL,84.0,Residential Parcels/Qtr,91.0,Greenville County Planning & GIS
20,2025-07-12,NODE_TRA_01,Prisma Health Swamp Rabbit Trail Network,TRANSIT_TRAILS,SWAMP_RABBIT_CORRIDOR,16694.0,Annual Trail Trips,115.7,City of Greenville Parks & Rec
21,2025-07-19,NODE_WAT_01,Table Rock & North Saluda Reservoirs,WATER,TABLE_ROCK_WATERSHED,70.92,MGD Safe Yield,52.5,Greenville Water
21,2025-07-19,NODE_ROA_01,I-85 / I-385 Gateway Interchange,ROADS,DOWNTOWN_GREENVILLE,146372.0,Vehicles/Day (AADT),101.0,SCDOT District 3
21,2025-07-19,NODE_ROA_02,Woodruff Road (SC-146) Commercial Arterial,ROADS,WOODRUFF_ROAD_COMMERCIAL,48354.0,Vehicles/Day (AADT),115.0,SCDOT / Greenville County
21,2025-07-19,NODE_RAI_01,Inland Port Greer (Intermodal Rail Hub),RAILWAYS,GREER_INLAND_PORT,3504.0,Container Lifts/Yr,104.1,SC Ports Authority / Norfolk Southern
21,2025-07-19,NODE_AIR_01,GSP International Airport & Cargo Apron,AIRPORT,GSP_AEROSPACE_CORRIDOR,2556.5,Cargo Tons/Yr,110.8,GSP Airport Authority
21,2025-07-19,NODE_ELE_01,Duke Energy Mauldin/Pelham Substation Hub,ELECTRICITY,MAULDIN_URBAN_CORE,383.6,Megawatts (MW Peak),85.2,Duke Energy Carolinas
21,2025-07-19,NODE_LND_01,South County Greenfield Expansion Corridor (Simpsonville/Fountain Inn),LAND_GROWTH,SIMPSONVILLE_SPRAWL,88.0,Residential Parcels/Qtr,95.3,Greenville County Planning & GIS
21,2025-07-19,NODE_TRA_01,Prisma Health Swamp Rabbit Trail Network,TRANSIT_TRAILS,SWAMP_RABBIT_CORRIDOR,15931.0,Annual Trail Trips,110.5,City of Greenville Parks & Rec
22,2025-07-26,NODE_WAT_01,Table Rock & North Saluda Reservoirs,WATER,TABLE_ROCK_WATERSHED,74.47,MGD Safe Yield,55.2,Greenville Water
22,2025-07-26,NODE_ROA_01,I-85 / I-385 Gateway Interchange,ROADS,DOWNTOWN_GREENVILLE,146425.0,Vehicles/Day (AADT),101.0,SCDOT District 3
22,2025-07-26,NODE_ROA_02,Woodruff Road (SC-146) Commercial Arterial,ROADS,WOODRUFF_ROAD_COMMERCIAL,47890.0,Vehicles/Day (AADT),114.0,SCDOT / Greenville County
22,2025-07-26,NODE_RAI_01,Inland Port Greer (Intermodal Rail Hub),RAILWAYS,GREER_INLAND_PORT,3510.0,Container Lifts/Yr,104.3,SC Ports Authority / Norfolk Southern
22,2025-07-26,NODE_AIR_01,GSP International Airport & Cargo Apron,AIRPORT,GSP_AEROSPACE_CORRIDOR,2573.6,Cargo Tons/Yr,111.5,GSP Airport Authority
22,2025-07-26,NODE_ELE_01,Duke Energy Mauldin/Pelham Substation Hub,ELECTRICITY,MAULDIN_URBAN_CORE,411.3,Megawatts (MW Peak),91.4,Duke Energy Carolinas
22,2025-07-26,NODE_LND_01,South County Greenfield Expansion Corridor (Simpsonville/Fountain Inn),LAND_GROWTH,SIMPSONVILLE_SPRAWL,108.0,Residential Parcels/Qtr,117.0,Greenville County Planning & GIS
22,2025-07-26,NODE_TRA_01,Prisma Health Swamp Rabbit Trail Network,TRANSIT_TRAILS,SWAMP_RABBIT_CORRIDOR,17007.0,Annual Trail Trips,117.9,City of Greenville Parks & Rec
23,2025-08-02,NODE_WAT_01,Table Rock & North Saluda Reservoirs,WATER,TABLE_ROCK_WATERSHED,77.83,MGD Safe Yield,57.7,Greenville Water
23,2025-08-02,NODE_ROA_01,I-85 / I-385 Gateway Interchange,ROADS,DOWNTOWN_GREENVILLE,146242.0,Vehicles/Day (AADT),101.0,SCDOT District 3
23,2025-08-02,NODE_ROA_02,Woodruff Road (SC-146) Commercial Arterial,ROADS,WOODRUFF_ROAD_COMMERCIAL,48286.0,Vehicles/Day (AADT),115.0,SCDOT / Greenville County
23,2025-08-02,NODE_RAI_01,Inland Port Greer (Intermodal Rail Hub),RAILWAYS,GREER_INLAND_PORT,3593.0,Container Lifts/Yr,106.8,SC Ports Authority / Norfolk Southern
23,2025-08-02,NODE_AIR_01,GSP International Airport & Cargo Apron,AIRPORT,GSP_AEROSPACE_CORRIDOR,2442.9,Cargo Tons/Yr,105.9,GSP Airport Authority
23,2025-08-02,NODE_ELE_01,Duke Energy Mauldin/Pelham Substation Hub,ELECTRICITY,MAULDIN_URBAN_CORE,411.0,Megawatts (MW Peak),91.3,Duke Energy Carolinas
23,2025-08-02,NODE_LND_01,South County Greenfield Expansion Corridor (Simpsonville/Fountain Inn),LAND_GROWTH,SIMPSONVILLE_SPRAWL,105.0,Residential Parcels/Qtr,113.8,Greenville County Planning & GIS
23,2025-08-02,NODE_TRA_01,Prisma Health Swamp Rabbit Trail Network,TRANSIT_TRAILS,SWAMP_RABBIT_CORRIDOR,17186.0,Annual Trail Trips,119.2,City of Greenville Parks & Rec
24,2025-08-09,NODE_WAT_01,Table Rock & North Saluda Reservoirs,WATER,TABLE_ROCK_WATERSHED,79.45,MGD Safe Yield,58.9,Greenville Water
24,2025-08-09,NODE_ROA_01,I-85 / I-385 Gateway Interchange,ROADS,DOWNTOWN_GREENVILLE,146855.0,Vehicles/Day (AADT),101.0,SCDOT District 3
24,2025-08-09,NODE_ROA_02,Woodruff Road (SC-146) Commercial Arterial,ROADS,WOODRUFF_ROAD_COMMERCIAL,49094.0,Vehicles/Day (AADT),117.0,SCDOT / Greenville County
24,2025-08-09,NODE_RAI_01,Inland Port Greer (Intermodal Rail Hub),RAILWAYS,GREER_INLAND_PORT,3827.0,Container Lifts/Yr,113.7,SC Ports Authority / Norfolk Southern
24,2025-08-09,NODE_AIR_01,GSP International Airport & Cargo Apron,AIRPORT,GSP_AEROSPACE_CORRIDOR,2423.5,Cargo Tons/Yr,105.0,GSP Airport Authority
24,2025-08-09,NODE_ELE_01,Duke Energy Mauldin/Pelham Substation Hub,ELECTRICITY,MAULDIN_URBAN_CORE,417.4,Megawatts (MW Peak),92.8,Duke Energy Carolinas
24,2025-08-09,NODE_LND_01,South County Greenfield Expansion Corridor (Simpsonville/Fountain Inn),LAND_GROWTH,SIMPSONVILLE_SPRAWL,86.0,Residential Parcels/Qtr,93.2,Greenville County Planning & GIS
24,2025-08-09,NODE_TRA_01,Prisma Health Swamp Rabbit Trail Network,TRANSIT_TRAILS,SWAMP_RABBIT_CORRIDOR,16745.0,Annual Trail Trips,116.1,City of Greenville Parks & Rec
25,2025-08-16,NODE_WAT_01,Table Rock & North Saluda Reservoirs,WATER,TABLE_ROCK_WATERSHED,76.54,MGD Safe Yield,56.7,Greenville Water
25,2025-08-16,NODE_ROA_01,I-85 / I-385 Gateway Interchange,ROADS,DOWNTOWN_GREENVILLE,147280.0,Vehicles/Day (AADT),102.0,SCDOT District 3
25,2025-08-16,NODE_ROA_02,Woodruff Road (SC-146) Commercial Arterial,ROADS,WOODRUFF_ROAD_COMMERCIAL,48244.0,Vehicles/Day (AADT),115.0,SCDOT / Greenville County
25,2025-08-16,NODE_RAI_01,Inland Port Greer (Intermodal Rail Hub),RAILWAYS,GREER_INLAND_PORT,3565.0,Container Lifts/Yr,105.9,SC Ports Authority / Norfolk Southern
25,2025-08-16,NODE_AIR_01,GSP International Airport & Cargo Apron,AIRPORT,GSP_AEROSPACE_CORRIDOR,2490.5,Cargo Tons/Yr,107.9,GSP Airport Authority
25,2025-08-16,NODE_ELE_01,Duke Energy Mauldin/Pelham Substation Hub,ELECTRICITY,MAULDIN_URBAN_CORE,424.1,Megawatts (MW Peak),94.2,Duke Energy Carolinas
25,2025-08-16,NODE_LND_01,South County Greenfield Expansion Corridor (Simpsonville/Fountain Inn),LAND_GROWTH,SIMPSONVILLE_SPRAWL,102.0,Residential Parcels/Qtr,110.5,Greenville County Planning & GIS
25,2025-08-16,NODE_TRA_01,Prisma Health Swamp Rabbit Trail Network,TRANSIT_TRAILS,SWAMP_RABBIT_CORRIDOR,16892.0,Annual Trail Trips,117.1,City of Greenville Parks & Rec
26,2025-08-23,NODE_WAT_01,Table Rock & North Saluda Reservoirs,WATER,TABLE_ROCK_WATERSHED,80.68,MGD Safe Yield,59.8,Greenville Water
26,2025-08-23,NODE_ROA_01,I-85 / I-385 Gateway Interchange,ROADS,DOWNTOWN_GREENVILLE,148105.0,Vehicles/Day (AADT),102.0,SCDOT District 3
26,2025-08-23,NODE_ROA_02,Woodruff Road (SC-146) Commercial Arterial,ROADS,WOODRUFF_ROAD_COMMERCIAL,49241.0,Vehicles/Day (AADT),117.0,SCDOT / Greenville County
26,2025-08-23,NODE_RAI_01,Inland Port Greer (Intermodal Rail Hub),RAILWAYS,GREER_INLAND_PORT,3629.0,Container Lifts/Yr,107.8,SC Ports Authority / Norfolk Southern
26,2025-08-23,NODE_AIR_01,GSP International Airport & Cargo Apron,AIRPORT,GSP_AEROSPACE_CORRIDOR,2598.1,Cargo Tons/Yr,112.6,GSP Airport Authority
26,2025-08-23,NODE_ELE_01,Duke Energy Mauldin/Pelham Substation Hub,ELECTRICITY,MAULDIN_URBAN_CORE,415.6,Megawatts (MW Peak),92.4,Duke Energy Carolinas
26,2025-08-23,NODE_LND_01,South County Greenfield Expansion Corridor (Simpsonville/Fountain Inn),LAND_GROWTH,SIMPSONVILLE_SPRAWL,101.0,Residential Parcels/Qtr,109.4,Greenville County Planning & GIS
26,2025-08-23,NODE_TRA_01,Prisma Health Swamp Rabbit Trail Network,TRANSIT_TRAILS,SWAMP_RABBIT_CORRIDOR,16778.0,Annual Trail Trips,116.3,City of Greenville Parks & Rec
27,2025-08-30,NODE_WAT_01,Table Rock & North Saluda Reservoirs,WATER,TABLE_ROCK_WATERSHED,74.04,MGD Safe Yield,54.8,Greenville Water
27,2025-08-30,NODE_ROA_01,I-85 / I-385 Gateway Interchange,ROADS,DOWNTOWN_GREENVILLE,148261.0,Vehicles/Day (AADT),102.0,SCDOT District 3
27,2025-08-30,NODE_ROA_02,Woodruff Road (SC-146) Commercial Arterial,ROADS,WOODRUFF_ROAD_COMMERCIAL,49346.0,Vehicles/Day (AADT),117.0,SCDOT / Greenville County
27,2025-08-30,NODE_RAI_01,Inland Port Greer (Intermodal Rail Hub),RAILWAYS,GREER_INLAND_PORT,3705.0,Container Lifts/Yr,110.1,SC Ports Authority / Norfolk Southern
27,2025-08-30,NODE_AIR_01,GSP International Airport & Cargo Apron,AIRPORT,GSP_AEROSPACE_CORRIDOR,2534.6,Cargo Tons/Yr,109.8,GSP Airport Authority
27,2025-08-30,NODE_ELE_01,Duke Energy Mauldin/Pelham Substation Hub,ELECTRICITY,MAULDIN_URBAN_CORE,417.5,Megawatts (MW Peak),92.8,Duke Energy Carolinas
27,2025-08-30,NODE_LND_01,South County Greenfield Expansion Corridor (Simpsonville/Fountain Inn),LAND_GROWTH,SIMPSONVILLE_SPRAWL,120.0,Residential Parcels/Qtr,130.0,Greenville County Planning & GIS
27,2025-08-30,NODE_TRA_01,Prisma Health Swamp Rabbit Trail Network,TRANSIT_TRAILS,SWAMP_RABBIT_CORRIDOR,17503.0,Annual Trail Trips,121.4,City of Greenville Parks & Rec
28,2025-09-06,NODE_WAT_01,Table Rock & North Saluda Reservoirs,WATER,TABLE_ROCK_WATERSHED,77.13,MGD Safe Yield,57.1,Greenville Water
28,2025-09-06,NODE_ROA_01,I-85 / I-385 Gateway Interchange,ROADS,DOWNTOWN_GREENVILLE,150407.0,Vehicles/Day (AADT),104.0,SCDOT District 3
28,2025-09-06,NODE_ROA_02,Woodruff Road (SC-146) Commercial Arterial,ROADS,WOODRUFF_ROAD_COMMERCIAL,49647.0,Vehicles/Day (AADT),118.0,SCDOT / Greenville County
28,2025-09-06,NODE_RAI_01,Inland Port Greer (Intermodal Rail Hub),RAILWAYS,GREER_INLAND_PORT,3808.0,Container Lifts/Yr,113.2,SC Ports Authority / Norfolk Southern
28,2025-09-06,NODE_AIR_01,GSP International Airport & Cargo Apron,AIRPORT,GSP_AEROSPACE_CORRIDOR,2536.1,Cargo Tons/Yr,109.9,GSP Airport Authority
28,2025-09-06,NODE_ELE_01,Duke Energy Mauldin/Pelham Substation Hub,ELECTRICITY,MAULDIN_URBAN_CORE,412.3,Megawatts (MW Peak),91.6,Duke Energy Carolinas
28,2025-09-06,NODE_LND_01,South County Greenfield Expansion Corridor (Simpsonville/Fountain Inn),LAND_GROWTH,SIMPSONVILLE_SPRAWL,104.0,Residential Parcels/Qtr,112.7,Greenville County Planning & GIS
28,2025-09-06,NODE_TRA_01,Prisma Health Swamp Rabbit Trail Network,TRANSIT_TRAILS,SWAMP_RABBIT_CORRIDOR,17557.0,Annual Trail Trips,121.7,City of Greenville Parks & Rec
29,2025-09-13,NODE_WAT_01,Table Rock & North Saluda Reservoirs,WATER,TABLE_ROCK_WATERSHED,75.83,MGD Safe Yield,56.2,Greenville Water
29,2025-09-13,NODE_ROA_01,I-85 / I-385 Gateway Interchange,ROADS,DOWNTOWN_GREENVILLE,151135.0,Vehicles/Day (AADT),104.0,SCDOT District 3
29,2025-09-13,NODE_ROA_02,Woodruff Road (SC-146) Commercial Arterial,ROADS,WOODRUFF_ROAD_COMMERCIAL,51136.0,Vehicles/Day (AADT),122.0,SCDOT / Greenville County
29,2025-09-13,NODE_RAI_01,Inland Port Greer (Intermodal Rail Hub),RAILWAYS,GREER_INLAND_PORT,3640.0,Container Lifts/Yr,108.2,SC Ports Authority / Norfolk Southern
29,2025-09-13,NODE_AIR_01,GSP International Airport & Cargo Apron,AIRPORT,GSP_AEROSPACE_CORRIDOR,2504.0,Cargo Tons/Yr,108.5,GSP Airport Authority
29,2025-09-13,NODE_ELE_01,Duke Energy Mauldin/Pelham Substation Hub,ELECTRICITY,MAULDIN_URBAN_CORE,413.0,Megawatts (MW Peak),91.8,Duke Energy Carolinas
29,2025-09-13,NODE_LND_01,South County Greenfield Expansion Corridor (Simpsonville/Fountain Inn),LAND_GROWTH,SIMPSONVILLE_SPRAWL,121.0,Residential Parcels/Qtr,131.1,Greenville County Planning & GIS
29,2025-09-13,NODE_TRA_01,Prisma Health Swamp Rabbit Trail Network,TRANSIT_TRAILS,SWAMP_RABBIT_CORRIDOR,16946.0,Annual Trail Trips,117.5,City of Greenville Parks & Rec
30,2025-09-20,NODE_WAT_01,Table Rock & North Saluda Reservoirs,WATER,TABLE_ROCK_WATERSHED,78.94,MGD Safe Yield,58.5,Greenville Water
30,2025-09-20,NODE_ROA_01,I-85 / I-385 Gateway Interchange,ROADS,DOWNTOWN_GREENVILLE,149608.0,Vehicles/Day (AADT),103.0,SCDOT District 3
30,2025-09-20,NODE_ROA_02,Woodruff Road (SC-146) Commercial Arterial,ROADS,WOODRUFF_ROAD_COMMERCIAL,51575.0,Vehicles/Day (AADT),123.0,SCDOT / Greenville County
30,2025-09-20,NODE_RAI_01,Inland Port Greer (Intermodal Rail Hub),RAILWAYS,GREER_INLAND_PORT,3617.0,Container Lifts/Yr,107.5,SC Ports Authority / Norfolk Southern
30,2025-09-20,NODE_AIR_01,GSP International Airport & Cargo Apron,AIRPORT,GSP_AEROSPACE_CORRIDOR,2510.5,Cargo Tons/Yr,108.8,GSP Airport Authority
30,2025-09-20,NODE_ELE_01,Duke Energy Mauldin/Pelham Substation Hub,ELECTRICITY,MAULDIN_URBAN_CORE,423.1,Megawatts (MW Peak),94.0,Duke Energy Carolinas
30,2025-09-20,NODE_LND_01,South County Greenfield Expansion Corridor (Simpsonville/Fountain Inn),LAND_GROWTH,SIMPSONVILLE_SPRAWL,105.0,Residential Parcels/Qtr,113.8,Greenville County Planning & GIS
30,2025-09-20,NODE_TRA_01,Prisma Health Swamp Rabbit Trail Network,TRANSIT_TRAILS,SWAMP_RABBIT_CORRIDOR,17055.0,Annual Trail Trips,118.2,City of Greenville Parks & Rec
31,2025-09-27,NODE_WAT_01,Table Rock & North Saluda Reservoirs,WATER,TABLE_ROCK_WATERSHED,74.42,MGD Safe Yield,55.1,Greenville Water
31,2025-09-27,NODE_ROA_01,I-85 / I-385 Gateway Interchange,ROADS,DOWNTOWN_GREENVILLE,152298.0,Vehicles/Day (AADT),105.0,SCDOT District 3
31,2025-09-27,NODE_ROA_02,Woodruff Road (SC-146) Commercial Arterial,ROADS,WOODRUFF_ROAD_COMMERCIAL,49468.0,Vehicles/Day (AADT),118.0,SCDOT / Greenville County
31,2025-09-27,NODE_RAI_01,Inland Port Greer (Intermodal Rail Hub),RAILWAYS,GREER_INLAND_PORT,3790.0,Container Lifts/Yr,112.6,SC Ports Authority / Norfolk Southern
31,2025-09-27,NODE_AIR_01,GSP International Airport & Cargo Apron,AIRPORT,GSP_AEROSPACE_CORRIDOR,2489.5,Cargo Tons/Yr,107.9,GSP Airport Authority
31,2025-09-27,NODE_ELE_01,Duke Energy Mauldin/Pelham Substation Hub,ELECTRICITY,MAULDIN_URBAN_CORE,402.6,Megawatts (MW Peak),89.5,Duke Energy Carolinas
31,2025-09-27,NODE_LND_01,South County Greenfield Expansion Corridor (Simpsonville/Fountain Inn),LAND_GROWTH,SIMPSONVILLE_SPRAWL,113.0,Residential Parcels/Qtr,122.4,Greenville County Planning & GIS
31,2025-09-27,NODE_TRA_01,Prisma Health Swamp Rabbit Trail Network,TRANSIT_TRAILS,SWAMP_RABBIT_CORRIDOR,17035.0,Annual Trail Trips,118.1,City of Greenville Parks & Rec
32,2025-10-04,NODE_WAT_01,Table Rock & North Saluda Reservoirs,WATER,TABLE_ROCK_WATERSHED,74.2,MGD Safe Yield,55.0,Greenville Water
32,2025-10-04,NODE_ROA_01,I-85 / I-385 Gateway Interchange,ROADS,DOWNTOWN_GREENVILLE,152606.0,Vehicles/Day (AADT),105.0,SCDOT District 3
32,2025-10-04,NODE_ROA_02,Woodruff Road (SC-146) Commercial Arterial,ROADS,WOODRUFF_ROAD_COMMERCIAL,51930.0,Vehicles/Day (AADT),124.0,SCDOT / Greenville County
32,2025-10-04,NODE_RAI_01,Inland Port Greer (Intermodal Rail Hub),RAILWAYS,GREER_INLAND_PORT,3885.0,Container Lifts/Yr,115.4,SC Ports Authority / Norfolk Southern
32,2025-10-04,NODE_AIR_01,GSP International Airport & Cargo Apron,AIRPORT,GSP_AEROSPACE_CORRIDOR,2625.0,Cargo Tons/Yr,113.8,GSP Airport Authority
32,2025-10-04,NODE_ELE_01,Duke Energy Mauldin/Pelham Substation Hub,ELECTRICITY,MAULDIN_URBAN_CORE,423.5,Megawatts (MW Peak),94.1,Duke Energy Carolinas
32,2025-10-04,NODE_LND_01,South County Greenfield Expansion Corridor (Simpsonville/Fountain Inn),LAND_GROWTH,SIMPSONVILLE_SPRAWL,122.0,Residential Parcels/Qtr,132.2,Greenville County Planning & GIS
32,2025-10-04,NODE_TRA_01,Prisma Health Swamp Rabbit Trail Network,TRANSIT_TRAILS,SWAMP_RABBIT_CORRIDOR,16573.0,Annual Trail Trips,114.9,City of Greenville Parks & Rec
33,2025-10-11,NODE_WAT_01,Table Rock & North Saluda Reservoirs,WATER,TABLE_ROCK_WATERSHED,75.86,MGD Safe Yield,56.2,Greenville Water
33,2025-10-11,NODE_ROA_01,I-85 / I-385 Gateway Interchange,ROADS,DOWNTOWN_GREENVILLE,151012.0,Vehicles/Day (AADT),104.0,SCDOT District 3
33,2025-10-11,NODE_ROA_02,Woodruff Road (SC-146) Commercial Arterial,ROADS,WOODRUFF_ROAD_COMMERCIAL,50030.0,Vehicles/Day (AADT),119.0,SCDOT / Greenville County
33,2025-10-11,NODE_RAI_01,Inland Port Greer (Intermodal Rail Hub),RAILWAYS,GREER_INLAND_PORT,3931.0,Container Lifts/Yr,116.8,SC Ports Authority / Norfolk Southern
33,2025-10-11,NODE_AIR_01,GSP International Airport & Cargo Apron,AIRPORT,GSP_AEROSPACE_CORRIDOR,2672.4,Cargo Tons/Yr,115.8,GSP Airport Authority
33,2025-10-11,NODE_ELE_01,Duke Energy Mauldin/Pelham Substation Hub,ELECTRICITY,MAULDIN_URBAN_CORE,392.6,Megawatts (MW Peak),87.2,Duke Energy Carolinas
33,2025-10-11,NODE_LND_01,South County Greenfield Expansion Corridor (Simpsonville/Fountain Inn),LAND_GROWTH,SIMPSONVILLE_SPRAWL,112.0,Residential Parcels/Qtr,121.3,Greenville County Planning & GIS
33,2025-10-11,NODE_TRA_01,Prisma Health Swamp Rabbit Trail Network,TRANSIT_TRAILS,SWAMP_RABBIT_CORRIDOR,16636.0,Annual Trail Trips,115.3,City of Greenville Parks & Rec
34,2025-10-18,NODE_WAT_01,Table Rock & North Saluda Reservoirs,WATER,TABLE_ROCK_WATERSHED,74.02,MGD Safe Yield,54.8,Greenville Water
34,2025-10-18,NODE_ROA_01,I-85 / I-385 Gateway Interchange,ROADS,DOWNTOWN_GREENVILLE,151883.0,Vehicles/Day (AADT),105.0,SCDOT District 3
34,2025-10-18,NODE_ROA_02,Woodruff Road (SC-146) Commercial Arterial,ROADS,WOODRUFF_ROAD_COMMERCIAL,51798.0,Vehicles/Day (AADT),123.0,SCDOT / Greenville County
34,2025-10-18,NODE_RAI_01,Inland Port Greer (Intermodal Rail Hub),RAILWAYS,GREER_INLAND_PORT,3617.0,Container Lifts/Yr,107.5,SC Ports Authority / Norfolk Southern
34,2025-10-18,NODE_AIR_01,GSP International Airport & Cargo Apron,AIRPORT,GSP_AEROSPACE_CORRIDOR,2659.6,Cargo Tons/Yr,115.2,GSP Airport Authority
34,2025-10-18,NODE_ELE_01,Duke Energy Mauldin/Pelham Substation Hub,ELECTRICITY,MAULDIN_URBAN_CORE,407.7,Megawatts (MW Peak),90.6,Duke Energy Carolinas
34,2025-10-18,NODE_LND_01,South County Greenfield Expansion Corridor (Simpsonville/Fountain Inn),LAND_GROWTH,SIMPSONVILLE_SPRAWL,126.0,Residential Parcels/Qtr,136.5,Greenville County Planning & GIS
34,2025-10-18,NODE_TRA_01,Prisma Health Swamp Rabbit Trail Network,TRANSIT_TRAILS,SWAMP_RABBIT_CORRIDOR,16281.0,Annual Trail Trips,112.9,City of Greenville Parks & Rec
35,2025-10-25,NODE_WAT_01,Table Rock & North Saluda Reservoirs,WATER,TABLE_ROCK_WATERSHED,73.54,MGD Safe Yield,54.5,Greenville Water
35,2025-10-25,NODE_ROA_01,I-85 / I-385 Gateway Interchange,ROADS,DOWNTOWN_GREENVILLE,153719.0,Vehicles/Day (AADT),106.0,SCDOT District 3
35,2025-10-25,NODE_ROA_02,Woodruff Road (SC-146) Commercial Arterial,ROADS,WOODRUFF_ROAD_COMMERCIAL,49977.0,Vehicles/Day (AADT),119.0,SCDOT / Greenville County
35,2025-10-25,NODE_RAI_01,Inland Port Greer (Intermodal Rail Hub),RAILWAYS,GREER_INLAND_PORT,3735.0,Container Lifts/Yr,111.0,SC Ports Authority / Norfolk Southern
35,2025-10-25,NODE_AIR_01,GSP International Airport & Cargo Apron,AIRPORT,GSP_AEROSPACE_CORRIDOR,2630.5,Cargo Tons/Yr,114.0,GSP Airport Authority
35,2025-10-25,NODE_ELE_01,Duke Energy Mauldin/Pelham Substation Hub,ELECTRICITY,MAULDIN_URBAN_CORE,402.8,Megawatts (MW Peak),89.5,Duke Energy Carolinas
35,2025-10-25,NODE_LND_01,South County Greenfield Expansion Corridor (Simpsonville/Fountain Inn),LAND_GROWTH,SIMPSONVILLE_SPRAWL,115.0,Residential Parcels/Qtr,124.6,Greenville County Planning & GIS
35,2025-10-25,NODE_TRA_01,Prisma Health Swamp Rabbit Trail Network,TRANSIT_TRAILS,SWAMP_RABBIT_CORRIDOR,16275.0,Annual Trail Trips,112.8,City of Greenville Parks & Rec
36,2025-11-01,NODE_WAT_01,Table Rock & North Saluda Reservoirs,WATER,TABLE_ROCK_WATERSHED,70.36,MGD Safe Yield,52.1,Greenville Water
36,2025-11-01,NODE_ROA_01,I-85 / I-385 Gateway Interchange,ROADS,DOWNTOWN_GREENVILLE,152212.0,Vehicles/Day (AADT),105.0,SCDOT District 3
36,2025-11-01,NODE_ROA_02,Woodruff Road (SC-146) Commercial Arterial,ROADS,WOODRUFF_ROAD_COMMERCIAL,51768.0,Vehicles/Day (AADT),123.0,SCDOT / Greenville County
36,2025-11-01,NODE_RAI_01,Inland Port Greer (Intermodal Rail Hub),RAILWAYS,GREER_INLAND_PORT,3702.0,Container Lifts/Yr,110.0,SC Ports Authority / Norfolk Southern
36,2025-11-01,NODE_AIR_01,GSP International Airport & Cargo Apron,AIRPORT,GSP_AEROSPACE_CORRIDOR,2620.7,Cargo Tons/Yr,113.6,GSP Airport Authority
36,2025-11-01,NODE_ELE_01,Duke Energy Mauldin/Pelham Substation Hub,ELECTRICITY,MAULDIN_URBAN_CORE,386.2,Megawatts (MW Peak),85.8,Duke Energy Carolinas
36,2025-11-01,NODE_LND_01,South County Greenfield Expansion Corridor (Simpsonville/Fountain Inn),LAND_GROWTH,SIMPSONVILLE_SPRAWL,90.0,Residential Parcels/Qtr,97.5,Greenville County Planning & GIS
36,2025-11-01,NODE_TRA_01,Prisma Health Swamp Rabbit Trail Network,TRANSIT_TRAILS,SWAMP_RABBIT_CORRIDOR,15567.0,Annual Trail Trips,107.9,City of Greenville Parks & Rec
37,2025-11-08,NODE_WAT_01,Table Rock & North Saluda Reservoirs,WATER,TABLE_ROCK_WATERSHED,70.92,MGD Safe Yield,52.5,Greenville Water
37,2025-11-08,NODE_ROA_01,I-85 / I-385 Gateway Interchange,ROADS,DOWNTOWN_GREENVILLE,152996.0,Vehicles/Day (AADT),106.0,SCDOT District 3
37,2025-11-08,NODE_ROA_02,Woodruff Road (SC-146) Commercial Arterial,ROADS,WOODRUFF_ROAD_COMMERCIAL,50356.0,Vehicles/Day (AADT),120.0,SCDOT / Greenville County
37,2025-11-08,NODE_RAI_01,Inland Port Greer (Intermodal Rail Hub),RAILWAYS,GREER_INLAND_PORT,3804.0,Container Lifts/Yr,113.0,SC Ports Authority / Norfolk Southern
37,2025-11-08,NODE_AIR_01,GSP International Airport & Cargo Apron,AIRPORT,GSP_AEROSPACE_CORRIDOR,2671.8,Cargo Tons/Yr,115.8,GSP Airport Authority
37,2025-11-08,NODE_ELE_01,Duke Energy Mauldin/Pelham Substation Hub,ELECTRICITY,MAULDIN_URBAN_CORE,400.1,Megawatts (MW Peak),88.9,Duke Energy Carolinas
37,2025-11-08,NODE_LND_01,South County Greenfield Expansion Corridor (Simpsonville/Fountain Inn),LAND_GROWTH,SIMPSONVILLE_SPRAWL,93.0,Residential Parcels/Qtr,100.8,Greenville County Planning & GIS
37,2025-11-08,NODE_TRA_01,Prisma Health Swamp Rabbit Trail Network,TRANSIT_TRAILS,SWAMP_RABBIT_CORRIDOR,16277.0,Annual Trail Trips,112.9,City of Greenville Parks & Rec
38,2025-11-15,NODE_WAT_01,Table Rock & North Saluda Reservoirs,WATER,TABLE_ROCK_WATERSHED,69.65,MGD Safe Yield,51.6,Greenville Water
38,2025-11-15,NODE_ROA_01,I-85 / I-385 Gateway Interchange,ROADS,DOWNTOWN_GREENVILLE,155131.0,Vehicles/Day (AADT),107.0,SCDOT District 3
38,2025-11-15,NODE_ROA_02,Woodruff Road (SC-146) Commercial Arterial,ROADS,WOODRUFF_ROAD_COMMERCIAL,51288.0,Vehicles/Day (AADT),122.0,SCDOT / Greenville County
38,2025-11-15,NODE_RAI_01,Inland Port Greer (Intermodal Rail Hub),RAILWAYS,GREER_INLAND_PORT,3947.0,Container Lifts/Yr,117.3,SC Ports Authority / Norfolk Southern
38,2025-11-15,NODE_AIR_01,GSP International Airport & Cargo Apron,AIRPORT,GSP_AEROSPACE_CORRIDOR,2530.9,Cargo Tons/Yr,109.7,GSP Airport Authority
38,2025-11-15,NODE_ELE_01,Duke Energy Mauldin/Pelham Substation Hub,ELECTRICITY,MAULDIN_URBAN_CORE,379.9,Megawatts (MW Peak),84.4,Duke Energy Carolinas
38,2025-11-15,NODE_LND_01,South County Greenfield Expansion Corridor (Simpsonville/Fountain Inn),LAND_GROWTH,SIMPSONVILLE_SPRAWL,116.0,Residential Parcels/Qtr,125.7,Greenville County Planning & GIS
38,2025-11-15,NODE_TRA_01,Prisma Health Swamp Rabbit Trail Network,TRANSIT_TRAILS,SWAMP_RABBIT_CORRIDOR,14572.0,Annual Trail Trips,101.0,City of Greenville Parks & Rec
39,2025-11-22,NODE_WAT_01,Table Rock & North Saluda Reservoirs,WATER,TABLE_ROCK_WATERSHED,69.87,MGD Safe Yield,51.8,Greenville Water
39,2025-11-22,NODE_ROA_01,I-85 / I-385 Gateway Interchange,ROADS,DOWNTOWN_GREENVILLE,155529.0,Vehicles/Day (AADT),107.0,SCDOT District 3
39,2025-11-22,NODE_ROA_02,Woodruff Road (SC-146) Commercial Arterial,ROADS,WOODRUFF_ROAD_COMMERCIAL,52095.0,Vehicles/Day (AADT),124.0,SCDOT / Greenville County
39,2025-11-22,NODE_RAI_01,Inland Port Greer (Intermodal Rail Hub),RAILWAYS,GREER_INLAND_PORT,4025.0,Container Lifts/Yr,119.6,SC Ports Authority / Norfolk Southern
39,2025-11-22,NODE_AIR_01,GSP International Airport & Cargo Apron,AIRPORT,GSP_AEROSPACE_CORRIDOR,2640.9,Cargo Tons/Yr,114.4,GSP Airport Authority
39,2025-11-22,NODE_ELE_01,Duke Energy Mauldin/Pelham Substation Hub,ELECTRICITY,MAULDIN_URBAN_CORE,377.6,Megawatts (MW Peak),83.9,Duke Energy Carolinas
39,2025-11-22,NODE_LND_01,South County Greenfield Expansion Corridor (Simpsonville/Fountain Inn),LAND_GROWTH,SIMPSONVILLE_SPRAWL,111.0,Residential Parcels/Qtr,120.3,Greenville County Planning & GIS
39,2025-11-22,NODE_TRA_01,Prisma Health Swamp Rabbit Trail Network,TRANSIT_TRAILS,SWAMP_RABBIT_CORRIDOR,15674.0,Annual Trail Trips,108.7,City of Greenville Parks & Rec
40,2025-11-29,NODE_WAT_01,Table Rock & North Saluda Reservoirs,WATER,TABLE_ROCK_WATERSHED,66.35,MGD Safe Yield,49.1,Greenville Water
40,2025-11-29,NODE_ROA_01,I-85 / I-385 Gateway Interchange,ROADS,DOWNTOWN_GREENVILLE,156187.0,Vehicles/Day (AADT),108.0,SCDOT District 3
40,2025-11-29,NODE_ROA_02,Woodruff Road (SC-146) Commercial Arterial,ROADS,WOODRUFF_ROAD_COMMERCIAL,52400.0,Vehicles/Day (AADT),125.0,SCDOT / Greenville County
40,2025-11-29,NODE_RAI_01,Inland Port Greer (Intermodal Rail Hub),RAILWAYS,GREER_INLAND_PORT,3862.0,Container Lifts/Yr,114.8,SC Ports Authority / Norfolk Southern
40,2025-11-29,NODE_AIR_01,GSP International Airport & Cargo Apron,AIRPORT,GSP_AEROSPACE_CORRIDOR,2647.8,Cargo Tons/Yr,114.7,GSP Airport Authority
40,2025-11-29,NODE_ELE_01,Duke Energy Mauldin/Pelham Substation Hub,ELECTRICITY,MAULDIN_URBAN_CORE,359.9,Megawatts (MW Peak),80.0,Duke Energy Carolinas
40,2025-11-29,NODE_LND_01,South County Greenfield Expansion Corridor (Simpsonville/Fountain Inn),LAND_GROWTH,SIMPSONVILLE_SPRAWL,113.0,Residential Parcels/Qtr,122.4,Greenville County Planning & GIS
40,2025-11-29,NODE_TRA_01,Prisma Health Swamp Rabbit Trail Network,TRANSIT_TRAILS,SWAMP_RABBIT_CORRIDOR,14912.0,Annual Trail Trips,103.4,City of Greenville Parks & Rec
41,2025-12-06,NODE_WAT_01,Table Rock & North Saluda Reservoirs,WATER,TABLE_ROCK_WATERSHED,63.85,MGD Safe Yield,47.3,Greenville Water
41,2025-12-06,NODE_ROA_01,I-85 / I-385 Gateway Interchange,ROADS,DOWNTOWN_GREENVILLE,157015.0,Vehicles/Day (AADT),108.0,SCDOT District 3
41,2025-12-06,NODE_ROA_02,Woodruff Road (SC-146) Commercial Arterial,ROADS,WOODRUFF_ROAD_COMMERCIAL,51621.0,Vehicles/Day (AADT),123.0,SCDOT / Greenville County
41,2025-12-06,NODE_RAI_01,Inland Port Greer (Intermodal Rail Hub),RAILWAYS,GREER_INLAND_PORT,3691.0,Container Lifts/Yr,109.7,SC Ports Authority / Norfolk Southern
41,2025-12-06,NODE_AIR_01,GSP International Airport & Cargo Apron,AIRPORT,GSP_AEROSPACE_CORRIDOR,2693.6,Cargo Tons/Yr,116.7,GSP Airport Authority
41,2025-12-06,NODE_ELE_01,Duke Energy Mauldin/Pelham Substation Hub,ELECTRICITY,MAULDIN_URBAN_CORE,373.6,Megawatts (MW Peak),83.0,Duke Energy Carolinas
41,2025-12-06,NODE_LND_01,South County Greenfield Expansion Corridor (Simpsonville/Fountain Inn),LAND_GROWTH,SIMPSONVILLE_SPRAWL,105.0,Residential Parcels/Qtr,113.8,Greenville County Planning & GIS
41,2025-12-06,NODE_TRA_01,Prisma Health Swamp Rabbit Trail Network,TRANSIT_TRAILS,SWAMP_RABBIT_CORRIDOR,14646.0,Annual Trail Trips,101.5,City of Greenville Parks & Rec
42,2025-12-13,NODE_WAT_01,Table Rock & North Saluda Reservoirs,WATER,TABLE_ROCK_WATERSHED,62.03,MGD Safe Yield,45.9,Greenville Water
42,2025-12-13,NODE_ROA_01,I-85 / I-385 Gateway Interchange,ROADS,DOWNTOWN_GREENVILLE,155227.0,Vehicles/Day (AADT),107.0,SCDOT District 3
42,2025-12-13,NODE_ROA_02,Woodruff Road (SC-146) Commercial Arterial,ROADS,WOODRUFF_ROAD_COMMERCIAL,51555.0,Vehicles/Day (AADT),123.0,SCDOT / Greenville County
42,2025-12-13,NODE_RAI_01,Inland Port Greer (Intermodal Rail Hub),RAILWAYS,GREER_INLAND_PORT,3727.0,Container Lifts/Yr,110.7,SC Ports Authority / Norfolk Southern
42,2025-12-13,NODE_AIR_01,GSP International Airport & Cargo Apron,AIRPORT,GSP_AEROSPACE_CORRIDOR,2632.0,Cargo Tons/Yr,114.1,GSP Airport Authority
42,2025-12-13,NODE_ELE_01,Duke Energy Mauldin/Pelham Substation Hub,ELECTRICITY,MAULDIN_URBAN_CORE,349.4,Megawatts (MW Peak),77.6,Duke Energy Carolinas
42,2025-12-13,NODE_LND_01,South County Greenfield Expansion Corridor (Simpsonville/Fountain Inn),LAND_GROWTH,SIMPSONVILLE_SPRAWL,112.0,Residential Parcels/Qtr,121.3,Greenville County Planning & GIS
42,2025-12-13,NODE_TRA_01,Prisma Health Swamp Rabbit Trail Network,TRANSIT_TRAILS,SWAMP_RABBIT_CORRIDOR,14253.0,Annual Trail Trips,98.8,City of Greenville Parks & Rec
43,2025-12-20,NODE_WAT_01,Table Rock & North Saluda Reservoirs,WATER,TABLE_ROCK_WATERSHED,63.44,MGD Safe Yield,47.0,Greenville Water
43,2025-12-20,NODE_ROA_01,I-85 / I-385 Gateway Interchange,ROADS,DOWNTOWN_GREENVILLE,156112.0,Vehicles/Day (AADT),108.0,SCDOT District 3
43,2025-12-20,NODE_ROA_02,Woodruff Road (SC-146) Commercial Arterial,ROADS,WOODRUFF_ROAD_COMMERCIAL,51441.0,Vehicles/Day (AADT),122.0,SCDOT / Greenville County
43,2025-12-20,NODE_RAI_01,Inland Port Greer (Intermodal Rail Hub),RAILWAYS,GREER_INLAND_PORT,3924.0,Container Lifts/Yr,116.6,SC Ports Authority / Norfolk Southern
43,2025-12-20,NODE_AIR_01,GSP International Airport & Cargo Apron,AIRPORT,GSP_AEROSPACE_CORRIDOR,2668.2,Cargo Tons/Yr,115.6,GSP Airport Authority
43,2025-12-20,NODE_ELE_01,Duke Energy Mauldin/Pelham Substation Hub,ELECTRICITY,MAULDIN_URBAN_CORE,351.2,Megawatts (MW Peak),78.0,Duke Energy Carolinas
43,2025-12-20,NODE_LND_01,South County Greenfield Expansion Corridor (Simpsonville/Fountain Inn),LAND_GROWTH,SIMPSONVILLE_SPRAWL,91.0,Residential Parcels/Qtr,98.6,Greenville County Planning & GIS
43,2025-12-20,NODE_TRA_01,Prisma Health Swamp Rabbit Trail Network,TRANSIT_TRAILS,SWAMP_RABBIT_CORRIDOR,13505.0,Annual Trail Trips,93.6,City of Greenville Parks & Rec
44,2025-12-27,NODE_WAT_01,Table Rock & North Saluda Reservoirs,WATER,TABLE_ROCK_WATERSHED,63.03,MGD Safe Yield,46.7,Greenville Water
44,2025-12-27,NODE_ROA_01,I-85 / I-385 Gateway Interchange,ROADS,DOWNTOWN_GREENVILLE,157347.0,Vehicles/Day (AADT),109.0,SCDOT District 3
44,2025-12-27,NODE_ROA_02,Woodruff Road (SC-146) Commercial Arterial,ROADS,WOODRUFF_ROAD_COMMERCIAL,53779.0,Vehicles/Day (AADT),128.0,SCDOT / Greenville County
44,2025-12-27,NODE_RAI_01,Inland Port Greer (Intermodal Rail Hub),RAILWAYS,GREER_INLAND_PORT,4067.0,Container Lifts/Yr,120.8,SC Ports Authority / Norfolk Southern
44,2025-12-27,NODE_AIR_01,GSP International Airport & Cargo Apron,AIRPORT,GSP_AEROSPACE_CORRIDOR,2603.5,Cargo Tons/Yr,112.8,GSP Airport Authority
44,2025-12-27,NODE_ELE_01,Duke Energy Mauldin/Pelham Substation Hub,ELECTRICITY,MAULDIN_URBAN_CORE,335.3,Megawatts (MW Peak),74.5,Duke Energy Carolinas
44,2025-12-27,NODE_LND_01,South County Greenfield Expansion Corridor (Simpsonville/Fountain Inn),LAND_GROWTH,SIMPSONVILLE_SPRAWL,104.0,Residential Parcels/Qtr,112.7,Greenville County Planning & GIS
44,2025-12-27,NODE_TRA_01,Prisma Health Swamp Rabbit Trail Network,TRANSIT_TRAILS,SWAMP_RABBIT_CORRIDOR,13380.0,Annual Trail Trips,92.8,City of Greenville Parks & Rec
45,2026-01-03,NODE_WAT_01,Table Rock & North Saluda Reservoirs,WATER,TABLE_ROCK_WATERSHED,61.94,MGD Safe Yield,45.9,Greenville Water
45,2026-01-03,NODE_ROA_01,I-85 / I-385 Gateway Interchange,ROADS,DOWNTOWN_GREENVILLE,158633.0,Vehicles/Day (AADT),109.0,SCDOT District 3
45,2026-01-03,NODE_ROA_02,Woodruff Road (SC-146) Commercial Arterial,ROADS,WOODRUFF_ROAD_COMMERCIAL,51529.0,Vehicles/Day (AADT),123.0,SCDOT / Greenville County
45,2026-01-03,NODE_RAI_01,Inland Port Greer (Intermodal Rail Hub),RAILWAYS,GREER_INLAND_PORT,3945.0,Container Lifts/Yr,117.2,SC Ports Authority / Norfolk Southern
45,2026-01-03,NODE_AIR_01,GSP International Airport & Cargo Apron,AIRPORT,GSP_AEROSPACE_CORRIDOR,2764.9,Cargo Tons/Yr,119.8,GSP Airport Authority
45,2026-01-03,NODE_ELE_01,Duke Energy Mauldin/Pelham Substation Hub,ELECTRICITY,MAULDIN_URBAN_CORE,330.9,Megawatts (MW Peak),73.5,Duke Energy Carolinas
45,2026-01-03,NODE_LND_01,South County Greenfield Expansion Corridor (Simpsonville/Fountain Inn),LAND_GROWTH,SIMPSONVILLE_SPRAWL,121.0,Residential Parcels/Qtr,131.1,Greenville County Planning & GIS
45,2026-01-03,NODE_TRA_01,Prisma Health Swamp Rabbit Trail Network,TRANSIT_TRAILS,SWAMP_RABBIT_CORRIDOR,12956.0,Annual Trail Trips,89.8,City of Greenville Parks & Rec
46,2026-01-10,NODE_WAT_01,Table Rock & North Saluda Reservoirs,WATER,TABLE_ROCK_WATERSHED,57.11,MGD Safe Yield,42.3,Greenville Water
46,2026-01-10,NODE_ROA_01,I-85 / I-385 Gateway Interchange,ROADS,DOWNTOWN_GREENVILLE,157037.0,Vehicles/Day (AADT),108.0,SCDOT District 3
46,2026-01-10,NODE_ROA_02,Woodruff Road (SC-146) Commercial Arterial,ROADS,WOODRUFF_ROAD_COMMERCIAL,53699.0,Vehicles/Day (AADT),128.0,SCDOT / Greenville County
46,2026-01-10,NODE_RAI_01,Inland Port Greer (Intermodal Rail Hub),RAILWAYS,GREER_INLAND_PORT,3802.0,Container Lifts/Yr,113.0,SC Ports Authority / Norfolk Southern
46,2026-01-10,NODE_AIR_01,GSP International Airport & Cargo Apron,AIRPORT,GSP_AEROSPACE_CORRIDOR,2737.3,Cargo Tons/Yr,118.6,GSP Airport Authority
46,2026-01-10,NODE_ELE_01,Duke Energy Mauldin/Pelham Substation Hub,ELECTRICITY,MAULDIN_URBAN_CORE,326.4,Megawatts (MW Peak),72.5,Duke Energy Carolinas
46,2026-01-10,NODE_LND_01,South County Greenfield Expansion Corridor (Simpsonville/Fountain Inn),LAND_GROWTH,SIMPSONVILLE_SPRAWL,122.0,Residential Parcels/Qtr,132.2,Greenville County Planning & GIS
46,2026-01-10,NODE_TRA_01,Prisma Health Swamp Rabbit Trail Network,TRANSIT_TRAILS,SWAMP_RABBIT_CORRIDOR,13099.0,Annual Trail Trips,90.8,City of Greenville Parks & Rec
47,2026-01-17,NODE_WAT_01,Table Rock & North Saluda Reservoirs,WATER,TABLE_ROCK_WATERSHED,54.08,MGD Safe Yield,40.1,Greenville Water
47,2026-01-17,NODE_ROA_01,I-85 / I-385 Gateway Interchange,ROADS,DOWNTOWN_GREENVILLE,159070.0,Vehicles/Day (AADT),110.0,SCDOT District 3
47,2026-01-17,NODE_ROA_02,Woodruff Road (SC-146) Commercial Arterial,ROADS,WOODRUFF_ROAD_COMMERCIAL,52644.0,Vehicles/Day (AADT),125.0,SCDOT / Greenville County
47,2026-01-17,NODE_RAI_01,Inland Port Greer (Intermodal Rail Hub),RAILWAYS,GREER_INLAND_PORT,4114.0,Container Lifts/Yr,122.2,SC Ports Authority / Norfolk Southern
47,2026-01-17,NODE_AIR_01,GSP International Airport & Cargo Apron,AIRPORT,GSP_AEROSPACE_CORRIDOR,2608.3,Cargo Tons/Yr,113.0,GSP Airport Authority
47,2026-01-17,NODE_ELE_01,Duke Energy Mauldin/Pelham Substation Hub,ELECTRICITY,MAULDIN_URBAN_CORE,329.8,Megawatts (MW Peak),73.3,Duke Energy Carolinas
47,2026-01-17,NODE_LND_01,South County Greenfield Expansion Corridor (Simpsonville/Fountain Inn),LAND_GROWTH,SIMPSONVILLE_SPRAWL,125.0,Residential Parcels/Qtr,135.4,Greenville County Planning & GIS
47,2026-01-17,NODE_TRA_01,Prisma Health Swamp Rabbit Trail Network,TRANSIT_TRAILS,SWAMP_RABBIT_CORRIDOR,12126.0,Annual Trail Trips,84.1,City of Greenville Parks & Rec
48,2026-01-24,NODE_WAT_01,Table Rock & North Saluda Reservoirs,WATER,TABLE_ROCK_WATERSHED,55.41,MGD Safe Yield,41.0,Greenville Water
48,2026-01-24,NODE_ROA_01,I-85 / I-385 Gateway Interchange,ROADS,DOWNTOWN_GREENVILLE,160072.0,Vehicles/Day (AADT),110.0,SCDOT District 3
48,2026-01-24,NODE_ROA_02,Woodruff Road (SC-146) Commercial Arterial,ROADS,WOODRUFF_ROAD_COMMERCIAL,54169.0,Vehicles/Day (AADT),129.0,SCDOT / Greenville County
48,2026-01-24,NODE_RAI_01,Inland Port Greer (Intermodal Rail Hub),RAILWAYS,GREER_INLAND_PORT,3873.0,Container Lifts/Yr,115.1,SC Ports Authority / Norfolk Southern
48,2026-01-24,NODE_AIR_01,GSP International Airport & Cargo Apron,AIRPORT,GSP_AEROSPACE_CORRIDOR,2653.2,Cargo Tons/Yr,115.0,GSP Airport Authority
48,2026-01-24,NODE_ELE_01,Duke Energy Mauldin/Pelham Substation Hub,ELECTRICITY,MAULDIN_URBAN_CORE,310.7,Megawatts (MW Peak),69.0,Duke Energy Carolinas
48,2026-01-24,NODE_LND_01,South County Greenfield Expansion Corridor (Simpsonville/Fountain Inn),LAND_GROWTH,SIMPSONVILLE_SPRAWL,113.0,Residential Parcels/Qtr,122.4,Greenville County Planning & GIS
48,2026-01-24,NODE_TRA_01,Prisma Health Swamp Rabbit Trail Network,TRANSIT_TRAILS,SWAMP_RABBIT_CORRIDOR,12351.0,Annual Trail Trips,85.6,City of Greenville Parks & Rec
49,2026-01-31,NODE_WAT_01,Table Rock & North Saluda Reservoirs,WATER,TABLE_ROCK_WATERSHED,55.98,MGD Safe Yield,41.5,Greenville Water
49,2026-01-31,NODE_ROA_01,I-85 / I-385 Gateway Interchange,ROADS,DOWNTOWN_GREENVILLE,160295.0,Vehicles/Day (AADT),111.0,SCDOT District 3
49,2026-01-31,NODE_ROA_02,Woodruff Road (SC-146) Commercial Arterial,ROADS,WOODRUFF_ROAD_COMMERCIAL,53149.0,Vehicles/Day (AADT),127.0,SCDOT / Greenville County
49,2026-01-31,NODE_RAI_01,Inland Port Greer (Intermodal Rail Hub),RAILWAYS,GREER_INLAND_PORT,4149.0,Container Lifts/Yr,123.3,SC Ports Authority / Norfolk Southern
49,2026-01-31,NODE_AIR_01,GSP International Airport & Cargo Apron,AIRPORT,GSP_AEROSPACE_CORRIDOR,2635.1,Cargo Tons/Yr,114.2,GSP Airport Authority
49,2026-01-31,NODE_ELE_01,Duke Energy Mauldin/Pelham Substation Hub,ELECTRICITY,MAULDIN_URBAN_CORE,316.8,Megawatts (MW Peak),70.4,Duke Energy Carolinas
49,2026-01-31,NODE_LND_01,South County Greenfield Expansion Corridor (Simpsonville/Fountain Inn),LAND_GROWTH,SIMPSONVILLE_SPRAWL,132.0,Residential Parcels/Qtr,143.0,Greenville County Planning & GIS
49,2026-01-31,NODE_TRA_01,Prisma Health Swamp Rabbit Trail Network,TRANSIT_TRAILS,SWAMP_RABBIT_CORRIDOR,12092.0,Annual Trail Trips,83.8,City of Greenville Parks & Rec
50,2026-02-07,NODE_WAT_01,Table Rock & North Saluda Reservoirs,WATER,TABLE_ROCK_WATERSHED,55.06,MGD Safe Yield,40.8,Greenville Water
50,2026-02-07,NODE_ROA_01,I-85 / I-385 Gateway Interchange,ROADS,DOWNTOWN_GREENVILLE,160656.0,Vehicles/Day (AADT),111.0,SCDOT District 3
50,2026-02-07,NODE_ROA_02,Woodruff Road (SC-146) Commercial Arterial,ROADS,WOODRUFF_ROAD_COMMERCIAL,53210.0,Vehicles/Day (AADT),127.0,SCDOT / Greenville County
50,2026-02-07,NODE_RAI_01,Inland Port Greer (Intermodal Rail Hub),RAILWAYS,GREER_INLAND_PORT,3942.0,Container Lifts/Yr,117.1,SC Ports Authority / Norfolk Southern
50,2026-02-07,NODE_AIR_01,GSP International Airport & Cargo Apron,AIRPORT,GSP_AEROSPACE_CORRIDOR,2630.6,Cargo Tons/Yr,114.0,GSP Airport Authority
50,2026-02-07,NODE_ELE_01,Duke Energy Mauldin/Pelham Substation Hub,ELECTRICITY,MAULDIN_URBAN_CORE,309.2,Megawatts (MW Peak),68.7,Duke Energy Carolinas
50,2026-02-07,NODE_LND_01,South County Greenfield Expansion Corridor (Simpsonville/Fountain Inn),LAND_GROWTH,SIMPSONVILLE_SPRAWL,98.0,Residential Parcels/Qtr,106.2,Greenville County Planning & GIS
50,2026-02-07,NODE_TRA_01,Prisma Health Swamp Rabbit Trail Network,TRANSIT_TRAILS,SWAMP_RABBIT_CORRIDOR,12829.0,Annual Trail Trips,88.9,City of Greenville Parks & Rec
51,2026-02-14,NODE_WAT_01,Table Rock & North Saluda Reservoirs,WATER,TABLE_ROCK_WATERSHED,51.99,MGD Safe Yield,38.5,Greenville Water
51,2026-02-14,NODE_ROA_01,I-85 / I-385 Gateway Interchange,ROADS,DOWNTOWN_GREENVILLE,159537.0,Vehicles/Day (AADT),110.0,SCDOT District 3
51,2026-02-14,NODE_ROA_02,Woodruff Road (SC-146) Commercial Arterial,ROADS,WOODRUFF_ROAD_COMMERCIAL,53207.0,Vehicles/Day (AADT),127.0,SCDOT / Greenville County
51,2026-02-14,NODE_RAI_01,Inland Port Greer (Intermodal Rail Hub),RAILWAYS,GREER_INLAND_PORT,3828.0,Container Lifts/Yr,113.7,SC Ports Authority / Norfolk Southern
51,2026-02-14,NODE_AIR_01,GSP International Airport & Cargo Apron,AIRPORT,GSP_AEROSPACE_CORRIDOR,2781.6,Cargo Tons/Yr,120.5,GSP Airport Authority
51,2026-02-14,NODE_ELE_01,Duke Energy Mauldin/Pelham Substation Hub,ELECTRICITY,MAULDIN_URBAN_CORE,305.7,Megawatts (MW Peak),67.9,Duke Energy Carolinas
51,2026-02-14,NODE_LND_01,South County Greenfield Expansion Corridor (Simpsonville/Fountain Inn),LAND_GROWTH,SIMPSONVILLE_SPRAWL,110.0,Residential Parcels/Qtr,119.2,Greenville County Planning & GIS
51,2026-02-14,NODE_TRA_01,Prisma Health Swamp Rabbit Trail Network,TRANSIT_TRAILS,SWAMP_RABBIT_CORRIDOR,11800.0,Annual Trail Trips,81.8,City of Greenville Parks & Rec
52,2026-02-21,NODE_WAT_01,Table Rock & North Saluda Reservoirs,WATER,TABLE_ROCK_WATERSHED,55.7,MGD Safe Yield,41.3,Greenville Water
52,2026-02-21,NODE_ROA_01,I-85 / I-385 Gateway Interchange,ROADS,DOWNTOWN_GREENVILLE,162441.0,Vehicles/Day (AADT),112.0,SCDOT District 3
52,2026-02-21,NODE_ROA_02,Woodruff Road (SC-146) Commercial Arterial,ROADS,WOODRUFF_ROAD_COMMERCIAL,52513.0,Vehicles/Day (AADT),125.0,SCDOT / Greenville County
52,2026-02-21,NODE_RAI_01,Inland Port Greer (Intermodal Rail Hub),RAILWAYS,GREER_INLAND_PORT,4179.0,Container Lifts/Yr,124.2,SC Ports Authority / Norfolk Southern
52,2026-02-21,NODE_AIR_01,GSP International Airport & Cargo Apron,AIRPORT,GSP_AEROSPACE_CORRIDOR,2782.9,Cargo Tons/Yr,120.6,GSP Airport Authority
52,2026-02-21,NODE_ELE_01,Duke Energy Mauldin/Pelham Substation Hub,ELECTRICITY,MAULDIN_URBAN_CORE,315.1,Megawatts (MW Peak),70.0,Duke Energy Carolinas
52,2026-02-21,NODE_LND_01,South County Greenfield Expansion Corridor (Simpsonville/Fountain Inn),LAND_GROWTH,SIMPSONVILLE_SPRAWL,96.0,Residential Parcels/Qtr,104.0,Greenville County Planning & GIS
52,2026-02-21,NODE_TRA_01,Prisma Health Swamp Rabbit Trail Network,TRANSIT_TRAILS,SWAMP_RABBIT_CORRIDOR,11473.0,Annual Trail Trips,79.5,City of Greenville Parks & Rec
